{
  "id": "3823927",
  "name": "default",
  "font_family": "iconfont",
  "css_prefix_text": "icon-",
  "description": "",
  "glyphs": [
    {
      "icon_id": "4735289",
      "name": "icon_对号-面",
      "font_class": "dui3",
      "unicode": "e63d",
      "unicode_decimal": 58941
    },
    {
      "icon_id": "6536708",
      "name": "对号",
      "font_class": "dui2",
      "unicode": "e657",
      "unicode_decimal": 58967
    },
    {
      "icon_id": "20733400",
      "name": "箭头-下",
      "font_class": "xiazai1",
      "unicode": "e606",
      "unicode_decimal": 58886
    },
    {
      "icon_id": "20733428",
      "name": "删除",
      "font_class": "delete1",
      "unicode": "e621",
      "unicode_decimal": 58913
    },
    {
      "icon_id": "20733432",
      "name": "信息",
      "font_class": "xinxi1",
      "unicode": "e622",
      "unicode_decimal": 58914
    },
    {
      "icon_id": "20733442",
      "name": "加",
      "font_class": "jia1",
      "unicode": "e623",
      "unicode_decimal": 58915
    },
    {
      "icon_id": "25187222",
      "name": "常用工具",
      "font_class": "gongju",
      "unicode": "e63c",
      "unicode_decimal": 58940
    },
    {
      "icon_id": "5387930",
      "name": "箭头_页面_向上_o",
      "font_class": "xiangshang-two",
      "unicode": "eb93",
      "unicode_decimal": 60307
    },
    {
      "icon_id": "5387932",
      "name": "箭头_页面_向右_o",
      "font_class": "xiangyou-two",
      "unicode": "eb94",
      "unicode_decimal": 60308
    },
    {
      "icon_id": "5387935",
      "name": "箭头_页面_向左_o",
      "font_class": "xiangzuo-two",
      "unicode": "eb95",
      "unicode_decimal": 60309
    },
    {
      "icon_id": "5387938",
      "name": "箭头_页面_向下_o",
      "font_class": "xiangxia-two",
      "unicode": "eb96",
      "unicode_decimal": 60310
    },
    {
      "icon_id": "10283817",
      "name": "搜索",
      "font_class": "sousuo",
      "unicode": "e620",
      "unicode_decimal": 58912
    },
    {
      "icon_id": "16350233",
      "name": "对",
      "font_class": "dui",
      "unicode": "e715",
      "unicode_decimal": 59157
    },
    {
      "icon_id": "145497",
      "name": "下载",
      "font_class": "xiazai2",
      "unicode": "e668",
      "unicode_decimal": 58984
    },
    {
      "icon_id": "1288623",
      "name": "加",
      "font_class": "jia2",
      "unicode": "e60d",
      "unicode_decimal": 58893
    },
    {
      "icon_id": "2674878",
      "name": "箭头 上",
      "font_class": "xiangshang",
      "unicode": "e62c",
      "unicode_decimal": 58924
    },
    {
      "icon_id": "2674928",
      "name": "箭头 右",
      "font_class": "xiangyou",
      "unicode": "e62d",
      "unicode_decimal": 58925
    },
    {
      "icon_id": "2674929",
      "name": "箭头 下",
      "font_class": "xiangxia",
      "unicode": "e62e",
      "unicode_decimal": 58926
    },
    {
      "icon_id": "33327841",
      "name": "Close关闭",
      "font_class": "Close",
      "unicode": "e609",
      "unicode_decimal": 58889
    },
    {
      "icon_id": "33327842",
      "name": "CircleCloseFilled关闭",
      "font_class": "close2",
      "unicode": "e60a",
      "unicode_decimal": 58890
    },
    {
      "icon_id": "33327843",
      "name": "CircleClose关闭",
      "font_class": "close22",
      "unicode": "e60b",
      "unicode_decimal": 58891
    },
    {
      "icon_id": "33327844",
      "name": "CutFilled减少",
      "font_class": "jian1",
      "unicode": "e60c",
      "unicode_decimal": 58892
    },
    {
      "icon_id": "33327845",
      "name": "Add新增",
      "font_class": "jia22",
      "unicode": "e60e",
      "unicode_decimal": 58894
    },
    {
      "icon_id": "33327848",
      "name": "HomeFilled首页",
      "font_class": "home",
      "unicode": "e610",
      "unicode_decimal": 58896
    },
    {
      "icon_id": "33327849",
      "name": "Delete删除",
      "font_class": "delete2",
      "unicode": "e611",
      "unicode_decimal": 58897
    },
    {
      "icon_id": "33327851",
      "name": "Email邮箱",
      "font_class": "Email",
      "unicode": "e612",
      "unicode_decimal": 58898
    },
    {
      "icon_id": "33327852",
      "name": "EditPen输入",
      "font_class": "Edit1",
      "unicode": "e613",
      "unicode_decimal": 58899
    },
    {
      "icon_id": "33327855",
      "name": "Cut减少",
      "font_class": "jian11",
      "unicode": "e614",
      "unicode_decimal": 58900
    },
    {
      "icon_id": "33327856",
      "name": "Home首页",
      "font_class": "home11",
      "unicode": "e615",
      "unicode_decimal": 58901
    },
    {
      "icon_id": "33327859",
      "name": "Message消息",
      "font_class": "xinxi22",
      "unicode": "e616",
      "unicode_decimal": 58902
    },
    {
      "icon_id": "33327860",
      "name": "MessageFilled消息",
      "font_class": "xinxi2",
      "unicode": "e617",
      "unicode_decimal": 58903
    },
    {
      "icon_id": "33327866",
      "name": "More更多",
      "font_class": "More",
      "unicode": "e618",
      "unicode_decimal": 58904
    },
    {
      "icon_id": "33327867",
      "name": "StarFilled星星收藏",
      "font_class": "Star1",
      "unicode": "e619",
      "unicode_decimal": 58905
    },
    {
      "icon_id": "33327868",
      "name": "Search搜索",
      "font_class": "search",
      "unicode": "e61a",
      "unicode_decimal": 58906
    },
    {
      "icon_id": "33327872",
      "name": "Refresh刷新",
      "font_class": "Refresh",
      "unicode": "e61b",
      "unicode_decimal": 58907
    },
    {
      "icon_id": "33327874",
      "name": "User用户名",
      "font_class": "User",
      "unicode": "e61c",
      "unicode_decimal": 58908
    },
    {
      "icon_id": "33327875",
      "name": "Star星星收藏",
      "font_class": "Star11",
      "unicode": "e61d",
      "unicode_decimal": 58909
    },
    {
      "icon_id": "33327878",
      "name": "SettingFilled设置",
      "font_class": "set1",
      "unicode": "e61e",
      "unicode_decimal": 58910
    },
    {
      "icon_id": "33327880",
      "name": "Setting设置",
      "font_class": "Set11",
      "unicode": "e61f",
      "unicode_decimal": 58911
    },
    {
      "icon_id": "33368721",
      "name": "箭头 右-copy",
      "font_class": "xiangzuo",
      "unicode": "e669",
      "unicode_decimal": 58985
    }
  ]
}
